,Timestamp,Data
0,1128088.7583528894,[-72.]
1,1128088.766026158,[-72.]
2,1128088.7736994263,[-75.]
3,1128088.7813726948,[-70.]
4,1128088.7890459632,[-70.]
5,1128088.7967192316,[-72.]
6,1128088.8043925,[-65.]
7,1128088.8120657685,[-58.]
8,1128088.819739037,[-62.]
9,1128088.8274123054,[-77.]
10,1128088.8350855738,[-92.]
11,1128088.8427588423,[-89.]
12,1128088.8504321107,[-82.]
13,1128088.8581053792,[-79.]
14,1128088.8657786476,[-77.]
15,1128088.873451916,[-77.]
16,1128088.8811251845,[-79.]
17,1128088.888798453,[-75.]
18,1128088.8964717214,[-70.]
19,1128088.9041449898,[-72.]
20,1128088.9118182582,[-72.]
21,1128088.9194915267,[-70.]
22,1128088.927164795,[-62.]
23,1128088.9348380635,[-41.]
24,1128088.942511332,[-24.]
25,1128088.9501846004,[-36.]
26,1128088.9578578689,[-50.]
27,1128088.9655311373,[-50.]
28,1128088.9732044057,[-50.]
29,1128088.9808776742,[-50.]
30,1128088.9885509426,[-43.]
31,1128088.996224211,[-36.]
32,1128089.0038974795,[-38.]
33,1128089.011570748,[-38.]
34,1128089.0192440164,[-12.]
35,1128089.0269172848,[82.]
36,1128089.0345905533,[249.]
37,1128089.0422638217,[317.]
38,1128089.0499370901,[50.]
39,1128089.0576103586,[-322.]
40,1128089.065283627,[-305.]
41,1128089.0729568955,[-70.]
42,1128089.080630164,[-31.]
43,1128089.0883034323,[-75.]
44,1128089.0959767008,[-41.]
45,1128089.1036499692,[-24.]
46,1128089.1113232377,[-41.]
47,1128089.118996506,[-38.]
48,1128089.1266697745,[-33.]
49,1128089.134343043,[-33.]
50,1128089.1420163114,[-31.]
51,1128089.1496895798,[-29.]
52,1128089.1573628483,[-26.]
53,1128089.1650361167,[-16.]
54,1128089.1727093854,[-9.]
55,1128089.1803826538,[-12.]
56,1128089.1880559223,[-12.]
57,1128089.1957291907,[-7.]
58,1128089.2034024592,[-2.]
59,1128089.2110757276,[7.]
60,1128089.218748996,[9.]
61,1128089.2264222645,[12.]
62,1128089.234095533,[16.]
63,1128089.2417688014,[21.]
64,1128089.2494420698,[24.]
65,1128089.2571153382,[33.]
66,1128089.2647886067,[48.]
67,1128089.272461875,[53.]
68,1128089.2801351435,[50.]
69,1128089.287808412,[53.]
70,1128089.2954816804,[53.]
71,1128089.3031549489,[46.]
72,1128089.3108282173,[36.]
73,1128089.3185014857,[29.]
74,1128089.3261747542,[14.]
75,1128089.3338480226,[-2.]
76,1128089.341521291,[-14.]
77,1128089.3491945595,[-26.]
78,1128089.356867828,[-43.]
79,1128089.3645410964,[-58.]
80,1128089.3722143648,[-65.]
81,1128089.3798876333,[-65.]
82,1128089.3875609017,[-65.]
83,1128089.3952341701,[-65.]
84,1128089.4029074386,[-65.]
85,1128089.410580707,[-77.]
86,1128089.4182539755,[-94.]
87,1128089.425927244,[-96.]
88,1128089.4336005123,[-89.]
89,1128089.4412737808,[-87.]
90,1128089.4489470492,[-84.]
91,1128089.4566203177,[-77.]
92,1128089.464293586,[-75.]
93,1128089.4719668545,[-75.]
94,1128089.479640123,[-70.]
95,1128089.4873133914,[-65.]
96,1128089.4949866598,[-60.]
97,1128089.5026599283,[-60.]
98,1128089.5103331967,[-60.]
99,1128089.5180064652,[-62.]
100,1128089.5256797336,[-65.]
101,1128089.533353002,[-60.]
102,1128089.5410262705,[-60.]
103,1128089.548699539,[-62.]
104,1128089.5563728074,[-65.]
105,1128089.5640460758,[-65.]
106,1128089.5717193442,[-62.]
107,1128089.5793926127,[-58.]
108,1128089.5870658811,[-55.]
109,1128089.5947391496,[-55.]
110,1128089.602412418,[-58.]
111,1128089.6100856864,[-58.]
112,1128089.6177589549,[-55.]
113,1128089.6254322233,[-53.]
114,1128089.6331054918,[-50.]
115,1128089.6407787602,[-50.]
116,1128089.6484520286,[-50.]
117,1128089.656125297,[-50.]
118,1128089.6637985655,[-50.]
119,1128089.671471834,[-48.]
120,1128089.6791451024,[-48.]
121,1128089.6868183708,[-46.]
122,1128089.6944916393,[-43.]
123,1128089.7021649077,[-43.]
124,1128089.7098381761,[-38.]
125,1128089.7175114446,[-33.]
126,1128089.725184713,[-33.]
127,1128089.7328579815,[-36.]
128,1128089.74053125,[-38.]
129,1128089.7482045183,[-41.]
130,1128089.7558777868,[-36.]
131,1128089.7635510552,[-31.]
132,1128089.7712243237,[-29.]
133,1128089.778897592,[-19.]
134,1128089.7865708605,[-12.]
135,1128089.794244129,[-19.]
136,1128089.8019173974,[-26.]
137,1128089.8095906659,[-29.]
138,1128089.8172639343,[-33.]
139,1128089.8249372027,[-33.]
140,1128089.8326104712,[-31.]
141,1128089.8402837396,[-31.]
142,1128089.847957008,[-31.]
143,1128089.8556302765,[-29.]
144,1128089.863303545,[-7.]
145,1128089.8709768134,[89.]
146,1128089.8786500818,[246.]
147,1128089.8863233502,[309.]
148,1128089.8939966187,[53.]
149,1128089.9016698871,[-317.]
150,1128089.9093431556,[-305.]
151,1128089.917016424,[-60.]
152,1128089.9246896924,[-14.]
153,1128089.932362961,[-62.]
154,1128089.9400362293,[-26.]
155,1128089.9477094978,[-12.]
156,1128089.9553827662,[-50.]
157,1128089.9630560346,[-58.]
158,1128089.970729303,[-41.]
159,1128089.9784025715,[-43.]
160,1128089.98607584,[-43.]
161,1128089.9937491084,[-33.]
162,1128090.001422377,[-29.]
163,1128090.0090956455,[-29.]
164,1128090.016768914,[-26.]
165,1128090.0244421824,[-26.]
166,1128090.0321154508,[-26.]
167,1128090.0397887193,[-16.]
168,1128090.0474619877,[-12.]
169,1128090.0551352561,[-12.]
170,1128090.0628085246,[-9.]
171,1128090.070481793,[-4.]
172,1128090.0781550615,[2.]
173,1128090.08582833,[9.]
174,1128090.0935015983,[14.]
175,1128090.1011748668,[16.]
176,1128090.1088481352,[24.]
177,1128090.1165214037,[33.]
178,1128090.124194672,[41.]
179,1128090.1318679405,[41.]
180,1128090.139541209,[38.]
181,1128090.1472144774,[31.]
182,1128090.1548877459,[21.]
183,1128090.1625610143,[12.]
184,1128090.1702342827,[7.]
185,1128090.1779075512,[-2.]
186,1128090.1855808196,[-19.]
187,1128090.193254088,[-31.]
188,1128090.2009273565,[-41.]
189,1128090.208600625,[-48.]
190,1128090.2162738934,[-53.]
191,1128090.2239471618,[-55.]
192,1128090.2316204302,[-55.]
193,1128090.2392936987,[-55.]
194,1128090.2469669671,[-55.]
195,1128090.2546402356,[-55.]
196,1128090.262313504,[-58.]
197,1128090.2699867724,[-55.]
198,1128090.2776600409,[-50.]
199,1128090.2853333093,[-50.]
200,1128090.2930065778,[-46.]
201,1128090.3006798462,[-38.]
202,1128090.3083531146,[-38.]
203,1128090.316026383,[-41.]
204,1128090.3236996515,[-38.]
205,1128090.33137292,[-36.]
206,1128090.3390461884,[-41.]
207,1128090.3467194568,[-46.]
208,1128090.3543927253,[-46.]
209,1128090.3620659937,[-43.]
210,1128090.3697392622,[-43.]
211,1128090.3774125306,[-46.]
212,1128090.385085799,[-48.]
213,1128090.3927590675,[-48.]
214,1128090.400432336,[-43.]
215,1128090.4081056044,[-41.]
216,1128090.4157788728,[-38.]
217,1128090.4234521412,[-41.]
218,1128090.4311254097,[-41.]
219,1128090.438798678,[-41.]
220,1128090.4464719465,[-41.]
221,1128090.454145215,[-38.]
222,1128090.4618184834,[-38.]
223,1128090.4694917519,[-38.]
224,1128090.4771650203,[-41.]
225,1128090.4848382887,[-46.]
226,1128090.4925115572,[-55.]
227,1128090.5001848256,[-70.]
228,1128090.507858094,[-70.]
229,1128090.5155313625,[-60.]
230,1128090.523204631,[-65.]
231,1128090.5308778994,[-75.]
232,1128090.5385511678,[-75.]
233,1128090.5462244363,[-67.]
234,1128090.5538977047,[-62.]
235,1128090.5615709731,[-58.]
236,1128090.5692442416,[-53.]
237,1128090.57691751,[-48.]
238,1128090.5845907785,[-48.]
239,1128090.592264047,[-50.]
240,1128090.5999373153,[-50.]
241,1128090.6076105838,[-46.]
242,1128090.6152838522,[-46.]
243,1128090.6229571206,[-41.]
244,1128090.630630389,[-26.]
245,1128090.6383036575,[-16.]
246,1128090.645976926,[-26.]
247,1128090.6536501944,[-36.]
248,1128090.6613234628,[-36.]
249,1128090.6689967313,[-36.]
250,1128090.6766699997,[-38.]
251,1128090.6843432682,[-29.]
252,1128090.6920165366,[-19.]
253,1128090.699689805,[-21.]
254,1128090.7073630735,[-24.]
255,1128090.715036342,[19.]
256,1128090.7227096104,[135.]
257,1128090.7303828788,[292.]
258,1128090.7380561472,[276.]
259,1128090.7457294157,[-79.]
260,1128090.7534026841,[-368.]
261,1128090.7610759526,[-210.]
262,1128090.768749221,[-2.]
263,1128090.7764224894,[-24.]
264,1128090.7840957579,[-46.]
265,1128090.7917690263,[-7.]
266,1128090.7994422948,[-9.]
267,1128090.8071155632,[-21.]
268,1128090.8147888316,[-2.]
269,1128090.8224621003,[4.]
270,1128090.8301353687,[-2.]
271,1128090.8378086372,[-4.]
272,1128090.8454819056,[-4.]
273,1128090.853155174,[-7.]
274,1128090.8608284425,[-4.]
275,1128090.868501711,[4.]
276,1128090.8761749794,[4.]
277,1128090.8838482478,[2.]
278,1128090.8915215163,[12.]
279,1128090.8991947847,[19.]
280,1128090.9068680531,[21.]
281,1128090.9145413216,[29.]
282,1128090.92221459,[33.]
283,1128090.9298878585,[31.]
284,1128090.937561127,[33.]
285,1128090.9452343953,[43.]
286,1128090.9529076638,[53.]
287,1128090.9605809322,[55.]
288,1128090.9682542006,[58.]
289,1128090.975927469,[60.]
290,1128090.9836007375,[60.]
291,1128090.991274006,[60.]
292,1128090.9989472744,[58.]
293,1128091.0066205428,[46.]
294,1128091.0142938113,[31.]
295,1128091.0219670797,[21.]
296,1128091.0296403482,[-9.]
297,1128091.0373136166,[-50.]
298,1128091.044986885,[-65.]
299,1128091.0526601535,[-60.]
300,1128091.060333422,[-70.]
301,1128091.0680066904,[-79.]
302,1128091.0756799588,[-79.]
303,1128091.0833532272,[-82.]
304,1128091.0910264957,[-84.]
305,1128091.098699764,[-82.]
306,1128091.1063730326,[-75.]
307,1128091.114046301,[-75.]
308,1128091.1217195694,[-75.]
309,1128091.1293928379,[-72.]
310,1128091.1370661063,[-67.]
311,1128091.1447393748,[-62.]
312,1128091.1524126432,[-58.]
313,1128091.1600859116,[-53.]
314,1128091.16775918,[-53.]
315,1128091.1754324485,[-48.]
316,1128091.183105717,[-38.]
317,1128091.1907789854,[-38.]
318,1128091.1984522538,[-38.]
319,1128091.2061255223,[-38.]
320,1128091.2137987907,[-46.]
321,1128091.2214720591,[-50.]
322,1128091.2291453276,[-46.]
323,1128091.236818596,[-43.]
324,1128091.2444918645,[-43.]
325,1128091.252165133,[-53.]
326,1128091.2598384013,[-58.]
327,1128091.2675116698,[-50.]
328,1128091.2751849382,[-48.]
329,1128091.2828582067,[-50.]
330,1128091.290531475,[-48.]
331,1128091.2982047435,[-50.]
332,1128091.305878012,[-55.]
333,1128091.3135512804,[-50.]
334,1128091.3212245489,[-48.]
335,1128091.3288978173,[-50.]
336,1128091.3365710857,[-50.]
337,1128091.3442443542,[-48.]
338,1128091.3519176226,[-53.]
339,1128091.359590891,[-48.]
340,1128091.3672641595,[-46.]
341,1128091.374937428,[-53.]
342,1128091.3826106964,[-50.]
343,1128091.3902839648,[-46.]
344,1128091.3979572332,[-50.]
345,1128091.4056305017,[-50.]
346,1128091.4133037701,[-46.]
347,1128091.4209770386,[-41.]
348,1128091.428650307,[-38.]
349,1128091.4363235754,[-24.]
350,1128091.4439968439,[-14.]
351,1128091.4516701123,[-19.]
352,1128091.4593433808,[-29.]
353,1128091.4670166492,[-29.]
354,1128091.4746899176,[-31.]
355,1128091.482363186,[-36.]
356,1128091.4900364545,[-36.]
357,1128091.497709723,[-33.]
358,1128091.5053829914,[-26.]
359,1128091.5130562598,[-16.]
360,1128091.5207295283,[4.]
361,1128091.5284027967,[89.]
362,1128091.5360760652,[254.]
363,1128091.5437493336,[343.]
364,1128091.551422602,[92.]
365,1128091.5590958705,[-302.]
366,1128091.566769139,[-312.]
367,1128091.5744424073,[-70.]
368,1128091.5821156758,[-21.]
369,1128091.5897889442,[-70.]
370,1128091.5974622127,[-41.]
371,1128091.605135481,[-19.]
372,1128091.6128087495,[-41.]
373,1128091.620482018,[-55.]
374,1128091.6281552864,[-53.]
375,1128091.6358285549,[-48.]
376,1128091.6435018233,[-48.]
377,1128091.651175092,[-41.]
378,1128091.6588483604,[-31.]
379,1128091.6665216289,[-33.]
380,1128091.6741948973,[-29.]
381,1128091.6818681657,[-19.]
382,1128091.6895414342,[-21.]
383,1128091.6972147026,[-19.]
384,1128091.704887971,[-7.]
385,1128091.7125612395,[0.]
386,1128091.720234508,[-2.]
387,1128091.7279077764,[0.]
388,1128091.7355810448,[12.]
389,1128091.7432543132,[19.]
390,1128091.7509275817,[21.]
391,1128091.7586008501,[31.]
392,1128091.7662741186,[41.]
393,1128091.773947387,[48.]
394,1128091.7816206554,[55.]
395,1128091.7892939239,[60.]
396,1128091.7969671923,[58.]
397,1128091.8046404608,[50.]
398,1128091.8123137292,[38.]
399,1128091.8199869976,[24.]
400,1128091.827660266,[14.]
401,1128091.8353335345,[0.]
402,1128091.843006803,[-21.]
403,1128091.8506800714,[-36.]
404,1128091.8583533398,[-41.]
405,1128091.8660266083,[-43.]
406,1128091.8736998767,[-55.]
407,1128091.8813731452,[-60.]
408,1128091.8890464136,[-60.]
409,1128091.896719682,[-60.]
410,1128091.9043929505,[-65.]
411,1128091.912066219,[-65.]
412,1128091.9197394873,[-60.]
413,1128091.9274127558,[-55.]
414,1128091.9350860242,[-50.]
415,1128091.9427592927,[-50.]
416,1128091.950432561,[-50.]
417,1128091.9581058295,[-48.]
418,1128091.965779098,[-38.]
419,1128091.9734523664,[-31.]
420,1128091.9811256349,[-31.]
421,1128091.9887989033,[-29.]
422,1128091.9964721717,[-24.]
423,1128092.0041454402,[-24.]
424,1128092.0118187086,[-24.]
425,1128092.019491977,[-19.]
426,1128092.0271652455,[-19.]
427,1128092.034838514,[-26.]
428,1128092.0425117824,[-36.]
429,1128092.0501850508,[-33.]
430,1128092.0578583193,[-29.]
431,1128092.0655315877,[-31.]
432,1128092.0732048561,[-38.]
433,1128092.0808781246,[-41.]
434,1128092.088551393,[-43.]
435,1128092.0962246615,[-43.]
436,1128092.10389793,[-43.]
437,1128092.1115711983,[-48.]
438,1128092.1192444668,[-50.]
439,1128092.1269177352,[-48.]
440,1128092.1345910036,[-46.]
441,1128092.142264272,[-46.]
442,1128092.1499375405,[-43.]
443,1128092.157610809,[-43.]
444,1128092.1652840774,[-43.]
445,1128092.1729573458,[-43.]
446,1128092.1806306143,[-46.]
447,1128092.1883038827,[-46.]
448,1128092.1959771512,[-50.]
449,1128092.2036504196,[-70.]
450,1128092.211323688,[-79.]
451,1128092.2189969565,[-58.]
452,1128092.226670225,[-36.]
453,1128092.2343434934,[-43.]
454,1128092.2420167618,[-58.]
455,1128092.2496900302,[-60.]
456,1128092.2573632987,[-60.]
457,1128092.265036567,[-58.]
458,1128092.2727098356,[-55.]
459,1128092.280383104,[-50.]
460,1128092.2880563724,[-43.]
461,1128092.2957296409,[-36.]
462,1128092.3034029093,[-21.]
463,1128092.3110761777,[50.]
464,1128092.3187494462,[196.]
465,1128092.3264227146,[307.]
466,1128092.334095983,[142.]
467,1128092.3417692515,[-251.]
468,1128092.34944252,[-355.]
469,1128092.3571157884,[-123.]
470,1128092.3647890568,[-21.]
471,1128092.3724623253,[-65.]
472,1128092.3801355937,[-43.]
473,1128092.3878088621,[-14.]
474,1128092.3954821306,[-31.]
475,1128092.403155399,[-29.]
476,1128092.4108286675,[-9.]
477,1128092.418501936,[-12.]
478,1128092.4261752043,[-19.]
479,1128092.4338484728,[-12.]
480,1128092.4415217412,[-4.]
481,1128092.4491950097,[-7.]
482,1128092.456868278,[-4.]
483,1128092.4645415465,[4.]
484,1128092.472214815,[2.]
485,1128092.4798880836,[0.]
486,1128092.487561352,[9.]
487,1128092.4952346205,[19.]
488,1128092.502907889,[19.]
489,1128092.5105811574,[21.]
490,1128092.5182544258,[29.]
491,1128092.5259276943,[33.]
492,1128092.5336009627,[41.]
493,1128092.5412742312,[43.]
494,1128092.5489474996,[43.]
495,1128092.556620768,[43.]
496,1128092.5642940365,[53.]
497,1128092.571967305,[58.]
498,1128092.5796405734,[53.]
499,1128092.5873138418,[48.]
500,1128092.5949871102,[43.]
501,1128092.6026603787,[38.]
502,1128092.610333647,[26.]
503,1128092.6180069156,[12.]
504,1128092.625680184,[-4.]
505,1128092.6333534524,[-19.]
506,1128092.6410267209,[-31.]
507,1128092.6486999893,[-41.]
508,1128092.6563732577,[-50.]
509,1128092.6640465262,[-53.]
510,1128092.6717197946,[-53.]
511,1128092.679393063,[-53.]
512,1128092.6870663315,[-50.]
513,1128092.6947396,[-53.]
514,1128092.7024128684,[-53.]
515,1128092.7100861368,[-50.]
516,1128092.7177594053,[-48.]
517,1128092.7254326737,[-43.]
518,1128092.7331059421,[-43.]
519,1128092.7407792106,[-55.]
520,1128092.748452479,[-70.]
521,1128092.7561257475,[-65.]
522,1128092.763799016,[-58.]
523,1128092.7714722843,[-58.]
524,1128092.7791455528,[-60.]
525,1128092.7868188212,[-58.]
526,1128092.7944920897,[-55.]
527,1128092.802165358,[-55.]
528,1128092.8098386265,[-60.]
529,1128092.817511895,[-58.]
530,1128092.8251851634,[-58.]
531,1128092.8328584319,[-60.]
532,1128092.8405317003,[-55.]
533,1128092.8482049687,[-53.]
534,1128092.8558782372,[-55.]
535,1128092.8635515056,[-55.]
536,1128092.871224774,[-55.]
537,1128092.8788980425,[-55.]
538,1128092.886571311,[-55.]
539,1128092.8942445794,[-55.]
540,1128092.9019178478,[-53.]
541,1128092.9095911162,[-46.]
542,1128092.9172643847,[-48.]
543,1128092.9249376531,[-53.]
544,1128092.9326109216,[-53.]
545,1128092.94028419,[-53.]
546,1128092.9479574584,[-55.]
547,1128092.9556307269,[-55.]
548,1128092.9633039953,[-55.]
549,1128092.9709772638,[-55.]
550,1128092.9786505322,[-55.]
551,1128092.9863238006,[-53.]
552,1128092.993997069,[-53.]
553,1128093.0016703375,[-55.]
554,1128093.009343606,[-60.]
555,1128093.0170168744,[-55.]
556,1128093.0246901428,[-48.]
557,1128093.0323634113,[-38.]
558,1128093.0400366797,[-26.]
559,1128093.0477099482,[-33.]
560,1128093.0553832166,[-53.]
561,1128093.063056485,[-55.]
562,1128093.0707297535,[-50.]
563,1128093.078403022,[-53.]
564,1128093.0860762903,[-53.]
565,1128093.0937495588,[-46.]
566,1128093.1014228272,[-41.]
567,1128093.1090960957,[-38.]
568,1128093.116769364,[-21.]
569,1128093.1244426325,[48.]
570,1128093.132115901,[198.]
571,1128093.1397891694,[317.]
572,1128093.1474624379,[145.]
573,1128093.1551357063,[-266.]
574,1128093.1628089747,[-363.]
575,1128093.1704822432,[-108.]
576,1128093.1781555116,[-7.]
577,1128093.18582878,[-65.]
578,1128093.1935020485,[-50.]
579,1128093.201175317,[-19.]
580,1128093.2088485854,[-33.]
581,1128093.2165218538,[-31.]
582,1128093.2241951223,[-16.]
583,1128093.2318683907,[-19.]
584,1128093.2395416591,[-21.]
585,1128093.2472149276,[-12.]
586,1128093.254888196,[-9.]
587,1128093.2625614644,[-12.]
588,1128093.270234733,[-7.]
589,1128093.2779080013,[-7.]
590,1128093.2855812698,[-4.]
591,1128093.2932545382,[-2.]
592,1128093.3009278069,[-2.]
593,1128093.3086010753,[0.]
594,1128093.3162743438,[4.]
595,1128093.3239476122,[-4.]
596,1128093.3316208806,[-16.]
597,1128093.339294149,[-12.]
598,1128093.3469674175,[2.]
599,1128093.354640686,[9.]
600,1128093.3623139544,[16.]
601,1128093.3699872228,[24.]
602,1128093.3776604913,[24.]
603,1128093.3853337597,[26.]
604,1128093.3930070281,[31.]
605,1128093.4006802966,[29.]
606,1128093.408353565,[24.]
607,1128093.4160268335,[16.]
608,1128093.423700102,[9.]
609,1128093.4313733703,[-4.]
610,1128093.4390466388,[-16.]
611,1128093.4467199072,[-29.]
612,1128093.4543931757,[-38.]
613,1128093.462066444,[-48.]
614,1128093.4697397125,[-55.]
615,1128093.477412981,[-58.]
616,1128093.4850862494,[-60.]
617,1128093.4927595179,[-60.]
618,1128093.5004327863,[-60.]
619,1128093.5081060547,[-58.]
620,1128093.5157793232,[-58.]
621,1128093.5234525916,[-55.]
622,1128093.53112586,[-53.]
623,1128093.5387991285,[-53.]
624,1128093.546472397,[-55.]
625,1128093.5541456654,[-58.]
626,1128093.5618189338,[-58.]
627,1128093.5694922023,[-50.]
628,1128093.5771654707,[-46.]
629,1128093.5848387391,[-43.]
630,1128093.5925120076,[-38.]
631,1128093.600185276,[-43.]
632,1128093.6078585444,[-50.]
633,1128093.615531813,[-43.]
634,1128093.6232050813,[-33.]
635,1128093.6308783498,[-36.]
636,1128093.6385516182,[-41.]
637,1128093.6462248866,[-41.]
638,1128093.653898155,[-38.]
639,1128093.6615714235,[-38.]
640,1128093.669244692,[-38.]
641,1128093.6769179604,[-41.]
642,1128093.6845912288,[-38.]
643,1128093.6922644973,[-38.]
644,1128093.6999377657,[-36.]
645,1128093.7076110342,[-36.]
646,1128093.7152843026,[-33.]
647,1128093.722957571,[-33.]
648,1128093.7306308395,[-36.]
649,1128093.738304108,[-33.]
650,1128093.7459773764,[-33.]
651,1128093.7536506448,[-33.]
652,1128093.7613239132,[-36.]
653,1128093.7689971817,[-38.]
654,1128093.77667045,[-38.]
655,1128093.7843437186,[-43.]
656,1128093.792016987,[-50.]
657,1128093.7996902554,[-53.]
658,1128093.8073635239,[-48.]
659,1128093.8150367923,[-46.]
660,1128093.8227100607,[-48.]
661,1128093.8303833292,[-50.]
662,1128093.8380565976,[-55.]
663,1128093.845729866,[-55.]
664,1128093.8534031345,[-50.]
665,1128093.861076403,[-53.]
666,1128093.8687496714,[-60.]
667,1128093.8764229398,[-55.]
668,1128093.8840962083,[-53.]
669,1128093.8917694767,[-65.]
670,1128093.8994427451,[-65.]
671,1128093.9071160136,[-62.]
672,1128093.914789282,[-62.]
673,1128093.9224625505,[-62.]
674,1128093.930135819,[-55.]
675,1128093.9378090873,[-48.]
676,1128093.9454823558,[-43.]
677,1128093.9531556242,[-24.]
678,1128093.9608288927,[67.]
679,1128093.968502161,[230.]
680,1128093.9761754295,[305.]
681,1128093.983848698,[50.]
682,1128093.9915219664,[-341.]
683,1128093.9991952349,[-329.]
684,1128094.0068685033,[-62.]
685,1128094.0145417717,[-16.]
686,1128094.0222150402,[-72.]
687,1128094.0298883086,[-36.]
688,1128094.037561577,[-16.]
689,1128094.0452348455,[-38.]
690,1128094.052908114,[-33.]
691,1128094.0605813824,[-26.]
692,1128094.0682546508,[-33.]
693,1128094.0759279192,[-26.]
694,1128094.0836011877,[-19.]
695,1128094.0912744561,[-21.]
696,1128094.0989477246,[-19.]
697,1128094.106620993,[-16.]
698,1128094.1142942614,[-14.]
699,1128094.1219675299,[-9.]
700,1128094.1296407986,[-4.]
701,1128094.137314067,[-2.]
702,1128094.1449873354,[0.]
703,1128094.1526606039,[4.]
704,1128094.1603338723,[7.]
705,1128094.1680071407,[14.]
706,1128094.1756804092,[19.]
707,1128094.1833536776,[26.]
708,1128094.191026946,[33.]
709,1128094.1987002145,[41.]
710,1128094.206373483,[46.]
711,1128094.2140467514,[48.]
712,1128094.2217200198,[50.]
713,1128094.2293932883,[46.]
714,1128094.2370665567,[43.]
715,1128094.2447398251,[38.]
716,1128094.2524130936,[31.]
717,1128094.260086362,[19.]
718,1128094.2677596305,[9.]
719,1128094.275432899,[-4.]
720,1128094.2831061673,[-19.]
721,1128094.2907794358,[-29.]
722,1128094.2984527042,[-36.]
723,1128094.3061259727,[-41.]
724,1128094.313799241,[-48.]
725,1128094.3214725095,[-50.]
726,1128094.329145778,[-48.]
727,1128094.3368190464,[-50.]
728,1128094.3444923148,[-50.]
729,1128094.3521655833,[-48.]
730,1128094.3598388517,[-43.]
731,1128094.3675121202,[-43.]
732,1128094.3751853886,[-38.]
733,1128094.382858657,[-36.]
734,1128094.3905319255,[-36.]
735,1128094.398205194,[-41.]
736,1128094.4058784624,[-53.]
737,1128094.4135517308,[-62.]
738,1128094.4212249992,[-55.]
739,1128094.4288982677,[-50.]
740,1128094.4365715361,[-53.]
741,1128094.4442448046,[-55.]
742,1128094.451918073,[-55.]
743,1128094.4595913414,[-55.]
744,1128094.4672646099,[-50.]
745,1128094.4749378783,[-50.]
746,1128094.4826111468,[-55.]
747,1128094.4902844152,[-55.]
748,1128094.4979576836,[-55.]
749,1128094.505630952,[-55.]
750,1128094.5133042205,[-53.]
751,1128094.520977489,[-50.]
752,1128094.5286507574,[-58.]
753,1128094.5363240258,[-62.]
754,1128094.5439972943,[-58.]
755,1128094.5516705627,[-53.]
756,1128094.5593438311,[-55.]
757,1128094.5670170996,[-62.]
758,1128094.574690368,[-60.]
759,1128094.5823636365,[-53.]
760,1128094.590036905,[-48.]
761,1128094.5977101733,[-48.]
762,1128094.6053834418,[-46.]
763,1128094.6130567102,[-48.]
764,1128094.6207299787,[-48.]
765,1128094.628403247,[-46.]
766,1128094.6360765155,[-48.]
767,1128094.643749784,[-53.]
768,1128094.6514230524,[-58.]
769,1128094.6590963209,[-53.]
770,1128094.6667695893,[-48.]
771,1128094.6744428577,[-50.]
772,1128094.6821161262,[-50.]
773,1128094.6897893946,[-48.]
774,1128094.697462663,[-48.]
775,1128094.7051359315,[-48.]
776,1128094.7128092,[-46.]
777,1128094.7204824684,[-48.]
778,1128094.7281557368,[-36.]
779,1128094.7358290053,[-19.]
780,1128094.7435022737,[-24.]
781,1128094.7511755421,[-38.]
782,1128094.7588488106,[-38.]
783,1128094.766522079,[-38.]
784,1128094.7741953474,[-48.]
785,1128094.781868616,[-46.]
786,1128094.7895418843,[-36.]
787,1128094.7972151528,[-36.]
788,1128094.8048884212,[-36.]
789,1128094.8125616896,[-19.]
790,1128094.820234958,[55.]
791,1128094.8279082265,[208.]
792,1128094.835581495,[329.]
793,1128094.8432547634,[150.]
794,1128094.8509280318,[-263.]
795,1128094.8586013003,[-363.]
796,1128094.8662745687,[-108.]
797,1128094.8739478372,[2.]
798,1128094.8816211056,[-53.]
799,1128094.889294374,[-36.]
800,1128094.8969676425,[-2.]
801,1128094.904640911,[-24.]
802,1128094.9123141794,[-29.]
803,1128094.9199874478,[-9.]
804,1128094.9276607162,[-4.]
805,1128094.9353339847,[-14.]
806,1128094.943007253,[-29.]
807,1128094.9506805218,[-41.]
808,1128094.9583537902,[-36.]
809,1128094.9660270587,[-29.]
810,1128094.973700327,[-26.]
811,1128094.9813735955,[-21.]
812,1128094.989046864,[-21.]
813,1128094.9967201324,[-24.]
814,1128095.0043934009,[-14.]
815,1128095.0120666693,[-4.]
816,1128095.0197399377,[-4.]
817,1128095.0274132062,[-4.]
818,1128095.0350864746,[0.]
819,1128095.042759743,[9.]
820,1128095.0504330115,[12.]
821,1128095.05810628,[16.]
822,1128095.0657795484,[24.]
823,1128095.0734528168,[24.]
824,1128095.0811260852,[24.]
825,1128095.0887993537,[29.]
826,1128095.0964726221,[29.]
827,1128095.1041458906,[19.]
828,1128095.111819159,[12.]
829,1128095.1194924274,[0.]
830,1128095.127165696,[-16.]
831,1128095.1348389643,[-29.]
832,1128095.1425122328,[-36.]
833,1128095.1501855012,[-43.]
834,1128095.1578587696,[-50.]
835,1128095.165532038,[-55.]
836,1128095.1732053065,[-58.]
837,1128095.180878575,[-60.]
838,1128095.1885518434,[-65.]
839,1128095.1962251118,[-62.]
840,1128095.2038983803,[-62.]
841,1128095.2115716487,[-62.]
842,1128095.2192449172,[-62.]
843,1128095.2269181856,[-62.]
844,1128095.234591454,[-60.]
845,1128095.2422647225,[-55.]
846,1128095.249937991,[-48.]
847,1128095.2576112594,[-46.]
848,1128095.2652845278,[-50.]
849,1128095.2729577962,[-50.]
850,1128095.2806310647,[-46.]
851,1128095.288304333,[-43.]
852,1128095.2959776015,[-43.]
853,1128095.30365087,[-46.]
854,1128095.3113241384,[-48.]
855,1128095.3189974069,[-43.]
856,1128095.3266706753,[-38.]
857,1128095.3343439437,[-43.]
858,1128095.3420172122,[-43.]
859,1128095.3496904806,[-46.]
860,1128095.357363749,[-43.]
861,1128095.3650370175,[-43.]
862,1128095.372710286,[-46.]
863,1128095.3803835544,[-46.]
864,1128095.3880568228,[-43.]
865,1128095.3957300913,[-43.]
866,1128095.4034033597,[-43.]
867,1128095.4110766281,[-41.]
868,1128095.4187498966,[-38.]
869,1128095.426423165,[-43.]
870,1128095.4340964335,[-48.]
871,1128095.441769702,[-50.]
872,1128095.4494429703,[-53.]
873,1128095.4571162388,[-55.]
874,1128095.4647895072,[-50.]
875,1128095.4724627757,[-53.]
876,1128095.480136044,[-55.]
877,1128095.4878093125,[-48.]
878,1128095.495482581,[-46.]
879,1128095.5031558494,[-53.]
880,1128095.5108291178,[-55.]
881,1128095.5185023863,[-53.]
882,1128095.5261756547,[-60.]
883,1128095.5338489232,[-67.]
884,1128095.5415221916,[-62.]
885,1128095.54919546,[-53.]
886,1128095.5568687285,[-38.]
887,1128095.564541997,[-26.]
888,1128095.5722152654,[-36.]
889,1128095.5798885338,[-48.]
890,1128095.5875618022,[-50.]
891,1128095.5952350707,[-53.]
892,1128095.6029083391,[-53.]
893,1128095.6105816076,[-53.]
894,1128095.618254876,[-70.]
895,1128095.6259281444,[-77.]
896,1128095.6336014129,[-70.]
897,1128095.6412746813,[-50.]
898,1128095.6489479498,[33.]
899,1128095.6566212182,[200.]
900,1128095.6642944866,[312.]
901,1128095.671967755,[125.]
902,1128095.6796410235,[-276.]
903,1128095.687314292,[-370.]
904,1128095.6949875604,[-135.]
905,1128095.7026608288,[-33.]
906,1128095.7103340973,[-82.]
907,1128095.7180073657,[-65.]
908,1128095.7256806341,[-36.]
909,1128095.7333539026,[-46.]
910,1128095.741027171,[-43.]
911,1128095.7487004395,[-26.]
912,1128095.756373708,[-29.]
913,1128095.7640469763,[-31.]
914,1128095.7717202448,[-26.]
915,1128095.7793935135,[-26.]
916,1128095.787066782,[-24.]
917,1128095.7947400503,[-16.]
918,1128095.8024133188,[-14.]
919,1128095.8100865872,[-16.]
920,1128095.8177598557,[-9.]
921,1128095.825433124,[-2.]
922,1128095.8331063925,[0.]
923,1128095.840779661,[4.]
924,1128095.8484529294,[14.]
925,1128095.8561261978,[16.]
926,1128095.8637994663,[19.]
927,1128095.8714727347,[31.]
928,1128095.8791460032,[41.]
929,1128095.8868192716,[46.]
930,1128095.89449254,[53.]
931,1128095.9021658085,[60.]
932,1128095.909839077,[58.]
933,1128095.9175123454,[50.]
934,1128095.9251856138,[48.]
935,1128095.9328588822,[43.]
936,1128095.9405321507,[33.]
937,1128095.9482054191,[21.]
938,1128095.9558786876,[9.]
939,1128095.963551956,[-2.]
940,1128095.9712252244,[-14.]
941,1128095.9788984929,[-33.]
942,1128095.9865717613,[-43.]
943,1128095.9942450298,[-41.]
944,1128096.0019182982,[-48.]
945,1128096.0095915666,[-58.]
946,1128096.017264835,[-58.]
947,1128096.0249381035,[-55.]
948,1128096.032611372,[-58.]
949,1128096.0402846404,[-55.]
950,1128096.0479579088,[-55.]
951,1128096.0556311773,[-55.]
952,1128096.0633044457,[-48.]
953,1128096.0709777141,[-46.]
954,1128096.0786509826,[-48.]
955,1128096.086324251,[-50.]
956,1128096.0939975195,[-43.]
957,1128096.101670788,[-38.]
958,1128096.1093440563,[-48.]
959,1128096.1170173248,[-65.]
960,1128096.1246905932,[-67.]
961,1128096.1323638617,[-55.]
962,1128096.14003713,[-50.]
963,1128096.1477103985,[-55.]
964,1128096.155383667,[-53.]
965,1128096.1630569354,[-50.]
966,1128096.1707302039,[-53.]
967,1128096.1784034723,[-53.]
968,1128096.1860767407,[-48.]
969,1128096.1937500092,[-50.]
970,1128096.2014232776,[-55.]
971,1128096.209096546,[-58.]
972,1128096.2167698145,[-55.]
973,1128096.224443083,[-53.]
974,1128096.2321163514,[-53.]
975,1128096.2397896198,[-55.]
976,1128096.2474628882,[-58.]
977,1128096.2551361567,[-60.]
978,1128096.2628094251,[-58.]
979,1128096.2704826936,[-53.]
980,1128096.278155962,[-55.]
981,1128096.2858292304,[-58.]
982,1128096.293502499,[-53.]
983,1128096.3011757673,[-50.]
984,1128096.3088490358,[-50.]
985,1128096.3165223042,[-48.]
986,1128096.3241955726,[-46.]
987,1128096.331868841,[-43.]
988,1128096.3395421095,[-46.]
989,1128096.347215378,[-48.]
990,1128096.3548886464,[-43.]
991,1128096.3625619148,[-33.]
992,1128096.3702351833,[-24.]
993,1128096.3779084517,[-14.]
994,1128096.3855817202,[-14.]
995,1128096.3932549886,[-24.]
996,1128096.400928257,[-31.]
997,1128096.4086015255,[-29.]
998,1128096.416274794,[-26.]
999,1128096.4239480624,[-29.]
1000,1128096.4316213308,[-29.]
1001,1128096.4392945992,[-19.]
1002,1128096.4469678677,[-14.]
1003,1128096.454641136,[-4.]
1004,1128096.4623144045,[58.]
1005,1128096.469987673,[205.]
1006,1128096.4776609414,[341.]
1007,1128096.4853342099,[210.]
1008,1128096.4930074783,[-191.]
1009,1128096.5006807467,[-353.]
1010,1128096.5083540152,[-135.]
1011,1128096.5160272836,[0.]
1012,1128096.523700552,[-46.]
1013,1128096.5313738205,[-38.]
1014,1128096.539047089,[0.]
1015,1128096.5467203574,[-14.]
1016,1128096.5543936258,[-19.]
1017,1128096.5620668943,[-4.]
1018,1128096.5697401627,[-4.]
1019,1128096.5774134311,[-9.]
1020,1128096.5850866996,[-7.]
1021,1128096.592759968,[-7.]
1022,1128096.6004332365,[-9.]
1023,1128096.6081065051,[-7.]
1024,1128096.6157797736,[-2.]
1025,1128096.623453042,[4.]
1026,1128096.6311263104,[12.]
1027,1128096.6387995789,[9.]
1028,1128096.6464728473,[2.]
1029,1128096.6541461158,[-9.]
1030,1128096.6618193842,[-14.]
1031,1128096.6694926526,[0.]
1032,1128096.677165921,[9.]
1033,1128096.6848391895,[12.]
1034,1128096.692512458,[19.]
1035,1128096.7001857264,[31.]
1036,1128096.7078589948,[36.]
1037,1128096.7155322633,[38.]
1038,1128096.7232055317,[43.]
1039,1128096.7308788002,[46.]
1040,1128096.7385520686,[43.]
1041,1128096.746225337,[33.]
1042,1128096.7538986055,[26.]
1043,1128096.761571874,[19.]
1044,1128096.7692451423,[4.]
1045,1128096.7769184108,[-9.]
1046,1128096.7845916792,[-21.]
1047,1128096.7922649477,[-33.]
1048,1128096.799938216,[-46.]
1049,1128096.8076114845,[-46.]
1050,1128096.815284753,[-46.]
1051,1128096.8229580214,[-48.]
1052,1128096.8306312899,[-53.]
1053,1128096.8383045583,[-53.]
1054,1128096.8459778267,[-50.]
1055,1128096.8536510952,[-50.]
1056,1128096.8613243636,[-50.]
1057,1128096.868997632,[-48.]
1058,1128096.8766709005,[-46.]
1059,1128096.884344169,[-43.]
1060,1128096.8920174374,[-36.]
1061,1128096.8996907058,[-33.]
1062,1128096.9073639743,[-33.]
1063,1128096.9150372427,[-26.]
1064,1128096.9227105111,[-24.]
1065,1128096.9303837796,[-24.]
1066,1128096.938057048,[-21.]
1067,1128096.9457303165,[-19.]
1068,1128096.953403585,[-19.]
1069,1128096.9610768533,[-16.]
1070,1128096.9687501218,[-21.]
1071,1128096.9764233902,[-24.]
1072,1128096.9840966586,[-24.]
1073,1128096.991769927,[-24.]
1074,1128096.9994431955,[-26.]
1075,1128097.007116464,[-29.]
1076,1128097.0147897324,[-33.]
1077,1128097.0224630008,[-33.]
1078,1128097.0301362693,[-31.]
1079,1128097.0378095377,[-33.]
1080,1128097.0454828062,[-38.]
1081,1128097.0531560746,[-41.]
1082,1128097.060829343,[-43.]
1083,1128097.0685026115,[-43.]
1084,1128097.07617588,[-43.]
1085,1128097.0838491484,[-48.]
1086,1128097.0915224168,[-53.]
1087,1128097.0991956852,[-58.]
1088,1128097.1068689537,[-58.]
1089,1128097.114542222,[-55.]
1090,1128097.1222154906,[-48.]
1091,1128097.129888759,[-46.]
1092,1128097.1375620274,[-46.]
1093,1128097.1452352959,[-46.]
1094,1128097.1529085643,[-48.]
1095,1128097.1605818328,[-43.]
1096,1128097.1682551012,[-38.]
1097,1128097.1759283696,[-41.]
1098,1128097.183601638,[-46.]
1099,1128097.1912749065,[-48.]
1100,1128097.198948175,[-46.]
1101,1128097.2066214434,[-41.]
1102,1128097.2142947118,[-36.]
1103,1128097.2219679803,[-26.]
1104,1128097.2296412487,[-12.]
1105,1128097.2373145171,[-16.]
1106,1128097.2449877856,[-33.]
1107,1128097.252661054,[-36.]
1108,1128097.2603343225,[-33.]
1109,1128097.268007591,[-36.]
1110,1128097.2756808593,[-41.]
1111,1128097.2833541278,[-55.]
1112,1128097.2910273962,[-60.]
1113,1128097.2987006647,[-48.]
1114,1128097.306373933,[-33.]
1115,1128097.3140472015,[29.]
1116,1128097.32172047,[174.]
1117,1128097.3293937384,[307.]
1118,1128097.3370670069,[169.]
1119,1128097.3447402753,[-232.]
1120,1128097.3524135437,[-368.]
1121,1128097.3600868122,[-128.]
1122,1128097.3677600806,[-12.]
1123,1128097.375433349,[-72.]
1124,1128097.3831066175,[-55.]
1125,1128097.390779886,[-14.]
1126,1128097.3984531544,[-29.]
1127,1128097.4061264228,[-33.]
1128,1128097.4137996912,[-19.]
1129,1128097.4214729597,[-19.]
1130,1128097.4291462284,[-19.]
1131,1128097.4368194968,[-9.]
1132,1128097.4444927652,[-4.]
1133,1128097.4521660337,[-7.]
1134,1128097.459839302,[-4.]
1135,1128097.4675125706,[-7.]
1136,1128097.475185839,[-7.]
1137,1128097.4828591074,[-2.]
1138,1128097.4905323759,[0.]
1139,1128097.4982056443,[2.]
1140,1128097.5058789128,[4.]
1141,1128097.5135521812,[9.]
1142,1128097.5212254496,[16.]
1143,1128097.528898718,[21.]
1144,1128097.5365719865,[26.]
1145,1128097.544245255,[31.]
1146,1128097.5519185234,[36.]
1147,1128097.5595917918,[43.]
1148,1128097.5672650603,[48.]
1149,1128097.5749383287,[50.]
1150,1128097.5826115971,[50.]
1151,1128097.5902848656,[43.]
1152,1128097.597958134,[31.]
1153,1128097.6056314025,[19.]
1154,1128097.613304671,[12.]
1155,1128097.6209779393,[2.]
1156,1128097.6286512078,[-7.]
1157,1128097.6363244762,[-21.]
1158,1128097.6439977447,[-36.]
1159,1128097.651671013,[-43.]
1160,1128097.6593442815,[-50.]
1161,1128097.66701755,[-53.]
1162,1128097.6746908184,[-55.]
1163,1128097.6823640869,[-58.]
1164,1128097.6900373553,[-60.]
1165,1128097.6977106237,[-65.]
1166,1128097.7053838922,[-67.]
1167,1128097.7130571606,[-60.]
1168,1128097.720730429,[-60.]
1169,1128097.7284036975,[-65.]
1170,1128097.736076966,[-62.]
1171,1128097.7437502344,[-55.]
1172,1128097.7514235028,[-53.]
1173,1128097.7590967712,[-53.]
1174,1128097.7667700397,[-50.]
1175,1128097.7744433081,[-46.]
1176,1128097.7821165766,[-46.]
1177,1128097.789789845,[-46.]
1178,1128097.7974631134,[-41.]
1179,1128097.8051363819,[-41.]
1180,1128097.8128096503,[-43.]
1181,1128097.8204829188,[-50.]
1182,1128097.8281561872,[-55.]
1183,1128097.8358294556,[-55.]
1184,1128097.843502724,[-55.]
1185,1128097.8511759925,[-53.]
1186,1128097.858849261,[-58.]
1187,1128097.8665225294,[-62.]
1188,1128097.8741957978,[-62.]
1189,1128097.8818690663,[-62.]
1190,1128097.8895423347,[-65.]
1191,1128097.8972156032,[-65.]
1192,1128097.9048888716,[-60.]
1193,1128097.91256214,[-62.]
1194,1128097.9202354085,[-65.]
1195,1128097.927908677,[-60.]
1196,1128097.9355819453,[-60.]
1197,1128097.9432552138,[-60.]
1198,1128097.9509284822,[-60.]
1199,1128097.9586017507,[-60.]
1200,1128097.966275019,[-58.]
1201,1128097.9739482875,[-60.]
1202,1128097.981621556,[-60.]
1203,1128097.9892948244,[-58.]
1204,1128097.9969680929,[-58.]
1205,1128098.0046413613,[-58.]
1206,1128098.0123146297,[-55.]
1207,1128098.0199878982,[-53.]
1208,1128098.0276611666,[-53.]
1209,1128098.035334435,[-50.]
1210,1128098.0430077035,[-50.]
1211,1128098.050680972,[-48.]
1212,1128098.0583542404,[-46.]
1213,1128098.0660275088,[-48.]
1214,1128098.0737007773,[-50.]
1215,1128098.0813740457,[-48.]
1216,1128098.0890473141,[-43.]
1217,1128098.0967205826,[-43.]
1218,1128098.104393851,[-31.]
1219,1128098.1120671195,[-29.]
1220,1128098.119740388,[-38.]
1221,1128098.1274136563,[-46.]
1222,1128098.1350869248,[-46.]
1223,1128098.1427601932,[-46.]
1224,1128098.1504334616,[-43.]
1225,1128098.15810673,[-36.]
1226,1128098.1657799985,[-33.]
1227,1128098.173453267,[-33.]
1228,1128098.1811265354,[-29.]
1229,1128098.1887998038,[7.]
1230,1128098.1964730723,[121.]
1231,1128098.2041463407,[285.]
1232,1128098.2118196092,[280.]
1233,1128098.2194928776,[-67.]
1234,1128098.227166146,[-377.]
1235,1128098.2348394145,[-239.]
1236,1128098.242512683,[-16.]
1237,1128098.2501859514,[-38.]
1238,1128098.25785922,[-67.]
1239,1128098.2655324885,[-19.]
1240,1128098.273205757,[-16.]
1241,1128098.2808790253,[-33.]
1242,1128098.2885522938,[-16.]
1243,1128098.2962255622,[-9.]
1244,1128098.3038988307,[-19.]
1245,1128098.311572099,[-24.]
1246,1128098.3192453675,[-24.]
1247,1128098.326918636,[-24.]
1248,1128098.3345919044,[-16.]
1249,1128098.3422651729,[-16.]
1250,1128098.3499384413,[-14.]
1251,1128098.3576117097,[-14.]
1252,1128098.3652849782,[-12.]
1253,1128098.3729582466,[-4.]
1254,1128098.380631515,[0.]
1255,1128098.3883047835,[2.]
1256,1128098.395978052,[7.]
1257,1128098.4036513204,[12.]
1258,1128098.4113245888,[16.]
1259,1128098.4189978573,[24.]
1260,1128098.4266711257,[31.]
1261,1128098.4343443941,[38.]
1262,1128098.4420176626,[38.]
1263,1128098.449690931,[38.]
1264,1128098.4573641995,[41.]
1265,1128098.465037468,[36.]
1266,1128098.4727107363,[29.]
1267,1128098.4803840048,[16.]
1268,1128098.4880572732,[4.]
1269,1128098.4957305416,[0.]
1270,1128098.50340381,[-4.]
1271,1128098.5110770785,[-16.]
1272,1128098.518750347,[-29.]
1273,1128098.5264236154,[-38.]
1274,1128098.5340968838,[-50.]
1275,1128098.5417701523,[-55.]
1276,1128098.5494434207,[-55.]
1277,1128098.5571166892,[-58.]
1278,1128098.5647899576,[-65.]
1279,1128098.572463226,[-67.]
1280,1128098.5801364945,[-65.]
1281,1128098.587809763,[-65.]
1282,1128098.5954830314,[-62.]
1283,1128098.6031562998,[-62.]
1284,1128098.6108295682,[-65.]
1285,1128098.6185028367,[-58.]
1286,1128098.626176105,[-58.]
1287,1128098.6338493736,[-55.]
1288,1128098.641522642,[-53.]
1289,1128098.6491959104,[-48.]
1290,1128098.6568691789,[-46.]
1291,1128098.6645424473,[-46.]
1292,1128098.6722157157,[-46.]
1293,1128098.6798889842,[-41.]
1294,1128098.6875622526,[-38.]
1295,1128098.695235521,[-41.]
1296,1128098.7029087895,[-43.]
1297,1128098.710582058,[-43.]
1298,1128098.7182553264,[-50.]
1299,1128098.7259285948,[-53.]
1300,1128098.7336018633,[-53.]
1301,1128098.7412751317,[-53.]
1302,1128098.7489484001,[-58.]
1303,1128098.7566216686,[-60.]
1304,1128098.764294937,[-62.]
1305,1128098.7719682055,[-60.]
1306,1128098.779641474,[-60.]
1307,1128098.7873147423,[-58.]
1308,1128098.7949880108,[-55.]
1309,1128098.8026612792,[-53.]
1310,1128098.8103345477,[-58.]
1311,1128098.818007816,[-53.]
1312,1128098.8256810845,[-48.]
1313,1128098.833354353,[-55.]
1314,1128098.8410276214,[-58.]
1315,1128098.8487008899,[-48.]
1316,1128098.8563741583,[-48.]
1317,1128098.8640474267,[-53.]
1318,1128098.8717206952,[-46.]
1319,1128098.8793939636,[-43.]
1320,1128098.887067232,[-43.]
1321,1128098.8947405005,[-41.]
1322,1128098.902413769,[-43.]
1323,1128098.9100870374,[-46.]
1324,1128098.9177603058,[-46.]
1325,1128098.9254335742,[-43.]
1326,1128098.9331068427,[-43.]
1327,1128098.9407801111,[-46.]
1328,1128098.9484533796,[-60.]
1329,1128098.956126648,[-67.]
1330,1128098.9637999164,[-60.]
1331,1128098.9714731849,[-50.]
1332,1128098.9791464533,[-43.]
1333,1128098.9868197218,[-33.]
1334,1128098.9944929902,[-36.]
1335,1128099.0021662586,[-48.]
1336,1128099.009839527,[-53.]
1337,1128099.0175127955,[-55.]
1338,1128099.025186064,[-53.]
1339,1128099.0328593324,[-46.]
1340,1128099.0405326008,[-46.]
1341,1128099.0482058693,[-43.]
1342,1128099.0558791377,[-33.]
1343,1128099.0635524062,[-12.]
1344,1128099.0712256746,[62.]
1345,1128099.0788989433,[220.]
1346,1128099.0865722117,[326.]
1347,1128099.0942454801,[116.]
1348,1128099.1019187486,[-285.]
1349,1128099.109592017,[-355.]
1350,1128099.1172652855,[-118.]
1351,1128099.124938554,[-31.]
1352,1128099.1326118223,[-77.]
1353,1128099.1402850908,[-55.]
1354,1128099.1479583592,[-31.]
1355,1128099.1556316277,[-46.]
1356,1128099.163304896,[-38.]
1357,1128099.1709781645,[-26.]
1358,1128099.178651433,[-33.]
1359,1128099.1863247014,[-38.]
1360,1128099.1939979699,[-31.]
1361,1128099.2016712383,[-29.]
1362,1128099.2093445067,[-26.]
1363,1128099.2170177752,[-21.]
1364,1128099.2246910436,[-19.]
1365,1128099.232364312,[-19.]
1366,1128099.2400375805,[-16.]
1367,1128099.247710849,[-7.]
1368,1128099.2553841174,[0.]
1369,1128099.2630573858,[-4.]
1370,1128099.2707306542,[-4.]
1371,1128099.2784039227,[7.]
1372,1128099.2860771911,[14.]
1373,1128099.2937504596,[16.]
1374,1128099.301423728,[21.]
1375,1128099.3090969964,[26.]
1376,1128099.3167702649,[33.]
1377,1128099.3244435333,[41.]
1378,1128099.3321168018,[41.]
1379,1128099.3397900702,[36.]
1380,1128099.3474633386,[31.]
1381,1128099.355136607,[21.]
1382,1128099.3628098755,[7.]
1383,1128099.370483144,[0.]
1384,1128099.3781564124,[-7.]
1385,1128099.3858296808,[-29.]
1386,1128099.3935029493,[-46.]
1387,1128099.4011762177,[-50.]
1388,1128099.4088494861,[-55.]
1389,1128099.4165227546,[-62.]
1390,1128099.424196023,[-70.]
1391,1128099.4318692915,[-75.]
1392,1128099.43954256,[-77.]
1393,1128099.4472158283,[-82.]
1394,1128099.4548890968,[-84.]
1395,1128099.4625623652,[-82.]
1396,1128099.4702356337,[-79.]
1397,1128099.477908902,[-77.]
1398,1128099.4855821705,[-77.]
1399,1128099.493255439,[-75.]
1400,1128099.5009287074,[-72.]
1401,1128099.5086019759,[-75.]
1402,1128099.5162752443,[-67.]
1403,1128099.5239485127,[-60.]
1404,1128099.5316217812,[-58.]
1405,1128099.5392950496,[-58.]
1406,1128099.546968318,[-55.]
1407,1128099.5546415865,[-58.]
1408,1128099.562314855,[-60.]
1409,1128099.5699881234,[-62.]
1410,1128099.5776613918,[-65.]
1411,1128099.5853346603,[-65.]
1412,1128099.5930079287,[-70.]
1413,1128099.6006811971,[-65.]
1414,1128099.6083544656,[-67.]
1415,1128099.616027734,[-79.]
1416,1128099.6237010024,[-82.]
1417,1128099.631374271,[-72.]
1418,1128099.6390475393,[-72.]
1419,1128099.6467208078,[-77.]
1420,1128099.6543940762,[-75.]
1421,1128099.6620673446,[-70.]
1422,1128099.669740613,[-67.]
1423,1128099.6774138815,[-65.]
1424,1128099.68508715,[-62.]
1425,1128099.6927604184,[-67.]
1426,1128099.7004336868,[-67.]
1427,1128099.7081069553,[-62.]
1428,1128099.7157802237,[-58.]
1429,1128099.7234534922,[-55.]
1430,1128099.7311267606,[-53.]
1431,1128099.738800029,[-50.]
1432,1128099.7464732975,[-48.]
1433,1128099.754146566,[-46.]
1434,1128099.7618198344,[-46.]
1435,1128099.7694931028,[-43.]
1436,1128099.7771663712,[-41.]
1437,1128099.7848396397,[-41.]
1438,1128099.792512908,[-43.]
1439,1128099.8001861766,[-43.]
1440,1128099.807859445,[-36.]
1441,1128099.8155327134,[-19.]
1442,1128099.8232059819,[-7.]
1443,1128099.8308792503,[-9.]
1444,1128099.8385525187,[-21.]
1445,1128099.8462257872,[-24.]
1446,1128099.8538990556,[-21.]
1447,1128099.861572324,[-21.]
1448,1128099.8692455925,[-24.]
1449,1128099.876918861,[-21.]
1450,1128099.8845921294,[-12.]
1451,1128099.8922653978,[-9.]
1452,1128099.8999386663,[12.]
1453,1128099.907611935,[106.]
1454,1128099.9152852034,[271.]
1455,1128099.9229584718,[351.]
1456,1128099.9306317403,[116.]
1457,1128099.9383050087,[-266.]
1458,1128099.9459782771,[-292.]
1459,1128099.9536515456,[-58.]
1460,1128099.961324814,[2.]
1461,1128099.9689980824,[-41.]
1462,1128099.976671351,[-14.]
1463,1128099.9843446193,[2.]
1464,1128099.9920178878,[-16.]
1465,1128099.9996911562,[-9.]
1466,1128100.0073644246,[4.]
1467,1128100.015037693,[-2.]
1468,1128100.0227109615,[-9.]
1469,1128100.03038423,[-7.]
1470,1128100.0380574984,[-2.]
1471,1128100.0457307668,[-2.]
1472,1128100.0534040353,[-2.]
1473,1128100.0610773037,[2.]
1474,1128100.0687505722,[4.]
1475,1128100.0764238406,[7.]
1476,1128100.084097109,[9.]
1477,1128100.0917703775,[16.]
1478,1128100.099443646,[21.]
1479,1128100.1071169144,[24.]
1480,1128100.1147901828,[24.]
1481,1128100.1224634512,[29.]
1482,1128100.1301367197,[38.]
1483,1128100.137809988,[48.]
1484,1128100.1454832566,[55.]
1485,1128100.153156525,[58.]
1486,1128100.1608297934,[62.]
1487,1128100.1685030619,[65.]
1488,1128100.1761763303,[62.]
1489,1128100.1838495987,[53.]
1490,1128100.1915228672,[43.]
1491,1128100.1991961356,[29.]
1492,1128100.206869404,[16.]
1493,1128100.2145426725,[4.]
1494,1128100.222215941,[-9.]
1495,1128100.2298892094,[-24.]
1496,1128100.2375624778,[-33.]
1497,1128100.2452357463,[-43.]
1498,1128100.2529090147,[-46.]
1499,1128100.2605822831,[-48.]
1500,1128100.2682555516,[-50.]
1501,1128100.27592882,[-50.]
1502,1128100.2836020885,[-48.]
1503,1128100.291275357,[-50.]
1504,1128100.2989486253,[-53.]
1505,1128100.3066218938,[-43.]
1506,1128100.3142951622,[-41.]
1507,1128100.3219684307,[-41.]
1508,1128100.329641699,[-33.]
1509,1128100.3373149675,[-24.]
1510,1128100.344988236,[-24.]
1511,1128100.3526615044,[-24.]
1512,1128100.3603347728,[-24.]
1513,1128100.3680080413,[-19.]
1514,1128100.3756813097,[-19.]
1515,1128100.3833545782,[-24.]
1516,1128100.3910278466,[-24.]
1517,1128100.398701115,[-21.]
1518,1128100.4063743835,[-24.]
1519,1128100.414047652,[-29.]
1520,1128100.4217209204,[-26.]
1521,1128100.4293941888,[-31.]
1522,1128100.4370674572,[-36.]
1523,1128100.4447407257,[-31.]
1524,1128100.4524139941,[-29.]
1525,1128100.4600872626,[-33.]
1526,1128100.467760531,[-36.]
1527,1128100.4754337994,[-36.]
1528,1128100.4831070679,[-36.]
1529,1128100.4907803363,[-33.]
1530,1128100.4984536048,[-29.]
1531,1128100.5061268732,[-26.]
1532,1128100.5138001416,[-31.]
1533,1128100.52147341,[-31.]
1534,1128100.5291466785,[-29.]
1535,1128100.536819947,[-29.]
1536,1128100.5444932154,[-26.]
1537,1128100.5521664838,[-26.]
1538,1128100.5598397523,[-33.]
1539,1128100.5675130207,[-43.]
1540,1128100.5751862891,[-38.]
1541,1128100.5828595576,[-31.]
1542,1128100.590532826,[-31.]
1543,1128100.5982060945,[-31.]
1544,1128100.605879363,[-31.]
1545,1128100.6135526313,[-33.]
1546,1128100.6212258998,[-38.]
1547,1128100.6288991682,[-43.]
1548,1128100.6365724367,[-46.]
1549,1128100.644245705,[-43.]
1550,1128100.6519189735,[-38.]
1551,1128100.659592242,[-31.]
1552,1128100.6672655104,[-16.]
1553,1128100.6749387789,[-12.]
1554,1128100.6826120473,[-26.]
1555,1128100.6902853157,[-36.]
1556,1128100.6979585842,[-36.]
1557,1128100.7056318526,[-36.]
1558,1128100.713305121,[-33.]
1559,1128100.7209783895,[-29.]
1560,1128100.728651658,[-24.]
1561,1128100.7363249266,[-21.]
1562,1128100.743998195,[-19.]
1563,1128100.7516714635,[19.]
1564,1128100.759344732,[138.]
1565,1128100.7670180004,[300.]
1566,1128100.7746912688,[295.]
1567,1128100.7823645372,[-46.]
1568,1128100.7900378057,[-358.]
1569,1128100.7977110741,[-230.]
1570,1128100.8053843426,[-7.]
1571,1128100.813057611,[-16.]
1572,1128100.8207308794,[-46.]
1573,1128100.8284041479,[-2.]
1574,1128100.8360774163,[0.]
1575,1128100.8437506848,[-12.]
1576,1128100.8514239532,[0.]
1577,1128100.8590972216,[4.]
1578,1128100.86677049,[0.]
1579,1128100.8744437585,[4.]
1580,1128100.882117027,[9.]
1581,1128100.8897902954,[7.]
1582,1128100.8974635638,[12.]
1583,1128100.9051368323,[16.]
1584,1128100.9128101007,[16.]
1585,1128100.9204833691,[16.]
1586,1128100.9281566376,[14.]
1587,1128100.935829906,[16.]
1588,1128100.9435031745,[26.]
1589,1128100.951176443,[29.]
1590,1128100.9588497113,[31.]
1591,1128100.9665229798,[36.]
1592,1128100.9741962482,[41.]
1593,1128100.9818695167,[46.]
1594,1128100.989542785,[53.]
1595,1128100.9972160535,[60.]
1596,1128101.004889322,[62.]
1597,1128101.0125625904,[60.]
1598,1128101.0202358589,[60.]
1599,1128101.0279091273,[58.]
1600,1128101.0355823957,[53.]
1601,1128101.0432556642,[46.]
1602,1128101.0509289326,[31.]
1603,1128101.058602201,[16.]
1604,1128101.0662754695,[4.]
1605,1128101.073948738,[-12.]
1606,1128101.0816220064,[-24.]
1607,1128101.0892952748,[-29.]
1608,1128101.0969685433,[-38.]
1609,1128101.1046418117,[-48.]
1610,1128101.1123150801,[-50.]
1611,1128101.1199883486,[-55.]
1612,1128101.127661617,[-62.]
1613,1128101.1353348854,[-65.]
1614,1128101.143008154,[-67.]
1615,1128101.1506814223,[-77.]
1616,1128101.1583546908,[-77.]
1617,1128101.1660279592,[-70.]
1618,1128101.1737012276,[-70.]
1619,1128101.181374496,[-67.]
1620,1128101.1890477645,[-62.]
1621,1128101.196721033,[-58.]
1622,1128101.2043943014,[-55.]
1623,1128101.2120675698,[-53.]
1624,1128101.2197408383,[-50.]
1625,1128101.2274141067,[-48.]
1626,1128101.2350873752,[-50.]
1627,1128101.2427606436,[-55.]
1628,1128101.250433912,[-53.]
1629,1128101.2581071805,[-53.]
1630,1128101.265780449,[-55.]
1631,1128101.2734537174,[-53.]
1632,1128101.2811269858,[-50.]
1633,1128101.2888002542,[-55.]
1634,1128101.2964735227,[-58.]
1635,1128101.304146791,[-55.]
1636,1128101.3118200595,[-55.]
1637,1128101.319493328,[-50.]
1638,1128101.3271665964,[-50.]
1639,1128101.3348398649,[-55.]
1640,1128101.3425131333,[-53.]
1641,1128101.3501864017,[-48.]
1642,1128101.3578596702,[-48.]
1643,1128101.3655329386,[-48.]
1644,1128101.373206207,[-46.]
1645,1128101.3808794755,[-48.]
1646,1128101.388552744,[-46.]
1647,1128101.3962260124,[-43.]
1648,1128101.4038992808,[-43.]
1649,1128101.4115725493,[-46.]
1650,1128101.4192458177,[-46.]
1651,1128101.4269190861,[-41.]
1652,1128101.4345923546,[-41.]
1653,1128101.442265623,[-41.]
1654,1128101.4499388915,[-38.]
1655,1128101.45761216,[-36.]
1656,1128101.4652854283,[-38.]
1657,1128101.4729586968,[-38.]
1658,1128101.4806319652,[-41.]
1659,1128101.4883052337,[-41.]
1660,1128101.495978502,[-36.]
1661,1128101.5036517705,[-33.]
1662,1128101.511325039,[-29.]
1663,1128101.5189983074,[-14.]
1664,1128101.5266715758,[-7.]
1665,1128101.5343448443,[-19.]
1666,1128101.5420181127,[-31.]
1667,1128101.5496913812,[-31.]
1668,1128101.5573646498,[-29.]
1669,1128101.5650379183,[-29.]
1670,1128101.5727111867,[-26.]
1671,1128101.5803844552,[-24.]
1672,1128101.5880577236,[-21.]
1673,1128101.595730992,[-16.]
1674,1128101.6034042605,[19.]
1675,1128101.611077529,[133.]
1676,1128101.6187507974,[297.]
1677,1128101.6264240658,[283.]
1678,1128101.6340973342,[-84.]
1679,1128101.6417706027,[-392.]
1680,1128101.649443871,[-237.]
1681,1128101.6571171395,[-19.]
1682,1128101.664790408,[-48.]
1683,1128101.6724636764,[-72.]
1684,1128101.6801369449,[-24.]
1685,1128101.6878102133,[-33.]
1686,1128101.6954834817,[-53.]
1687,1128101.7031567502,[-36.]
1688,1128101.7108300186,[-29.]
1689,1128101.718503287,[-33.]
1690,1128101.7261765555,[-26.]
1691,1128101.733849824,[-24.]
1692,1128101.7415230924,[-26.]
1693,1128101.7491963608,[-19.]
1694,1128101.7568696293,[-16.]
1695,1128101.7645428977,[-19.]
1696,1128101.7722161661,[-12.]
1697,1128101.7798894346,[-4.]
1698,1128101.787562703,[-4.]
1699,1128101.7952359715,[0.]
1700,1128101.80290924,[2.]
1701,1128101.8105825083,[7.]
1702,1128101.8182557768,[14.]
1703,1128101.8259290452,[19.]
1704,1128101.8336023137,[24.]
1705,1128101.841275582,[31.]
1706,1128101.8489488505,[36.]
1707,1128101.856622119,[38.]
1708,1128101.8642953874,[41.]
1709,1128101.8719686558,[41.]
1710,1128101.8796419243,[43.]
1711,1128101.8873151927,[36.]
1712,1128101.8949884612,[24.]
1713,1128101.9026617296,[14.]
1714,1128101.910334998,[4.]
1715,1128101.9180082665,[-9.]
1716,1128101.925681535,[-21.]
1717,1128101.9333548034,[-33.]
1718,1128101.9410280718,[-48.]
1719,1128101.9487013402,[-55.]
1720,1128101.9563746087,[-58.]
1721,1128101.9640478771,[-65.]
1722,1128101.9717211456,[-67.]
1723,1128101.979394414,[-62.]
1724,1128101.9870676824,[-60.]
1725,1128101.9947409509,[-65.]
1726,1128102.0024142193,[-72.]
1727,1128102.0100874878,[-67.]
1728,1128102.0177607562,[-55.]
1729,1128102.0254340246,[-50.]
1730,1128102.033107293,[-50.]
1731,1128102.0407805615,[-53.]
1732,1128102.04845383,[-48.]
1733,1128102.0561270984,[-36.]
1734,1128102.0638003668,[-31.]
1735,1128102.0714736353,[-38.]
1736,1128102.0791469037,[-41.]
1737,1128102.0868201721,[-38.]
1738,1128102.0944934406,[-41.]
1739,1128102.102166709,[-41.]
1740,1128102.1098399775,[-43.]
1741,1128102.117513246,[-46.]
1742,1128102.1251865143,[-50.]
1743,1128102.1328597828,[-58.]
1744,1128102.1405330512,[-60.]
1745,1128102.1482063197,[-65.]
1746,1128102.155879588,[-72.]
1747,1128102.1635528565,[-72.]
1748,1128102.171226125,[-72.]
1749,1128102.1788993934,[-72.]
1750,1128102.1865726619,[-70.]
1751,1128102.1942459303,[-67.]
1752,1128102.2019191987,[-70.]
1753,1128102.2095924672,[-67.]
1754,1128102.2172657356,[-65.]
1755,1128102.224939004,[-65.]
1756,1128102.2326122725,[-65.]
1757,1128102.240285541,[-60.]
1758,1128102.2479588094,[-62.]
1759,1128102.2556320778,[-67.]
1760,1128102.2633053462,[-65.]
1761,1128102.2709786147,[-67.]
1762,1128102.2786518831,[-72.]
1763,1128102.2863251516,[-75.]
1764,1128102.29399842,[-72.]
1765,1128102.3016716884,[-67.]
1766,1128102.309344957,[-65.]
1767,1128102.3170182253,[-65.]
1768,1128102.3246914938,[-70.]
1769,1128102.3323647622,[-67.]
1770,1128102.3400380306,[-58.]
1771,1128102.347711299,[-60.]
1772,1128102.3553845675,[-58.]
1773,1128102.363057836,[-36.]
1774,1128102.3707311044,[-29.]
1775,1128102.3784043728,[-46.]
1776,1128102.3860776415,[-55.]
1777,1128102.39375091,[-53.]
1778,1128102.4014241784,[-53.]
1779,1128102.4090974468,[-55.]
1780,1128102.4167707153,[-53.]
1781,1128102.4244439837,[-50.]
1782,1128102.4321172521,[-43.]
1783,1128102.4397905206,[-43.]
1784,1128102.447463789,[-14.]
1785,1128102.4551370575,[104.]
1786,1128102.462810326,[280.]
1787,1128102.4704835943,[295.]
1788,1128102.4781568628,[-38.]
1789,1128102.4858301312,[-377.]
1790,1128102.4935033997,[-290.]
1791,1128102.501176668,[-55.]
1792,1128102.5088499365,[-36.]
1793,1128102.516523205,[-70.]
1794,1128102.5241964734,[-31.]
1795,1128102.5318697419,[-26.]
1796,1128102.5395430103,[-48.]
1797,1128102.5472162787,[-36.]
1798,1128102.5548895472,[-24.]
1799,1128102.5625628156,[-26.]
1800,1128102.570236084,[-24.]
1801,1128102.5779093525,[-16.]
1802,1128102.585582621,[-21.]
1803,1128102.5932558894,[-21.]
1804,1128102.6009291578,[-14.]
1805,1128102.6086024262,[-7.]
1806,1128102.6162756947,[-9.]
1807,1128102.6239489631,[-7.]
1808,1128102.6316222316,[0.]
1809,1128102.6392955,[-4.]
1810,1128102.6469687684,[-12.]
1811,1128102.6546420369,[-7.]
1812,1128102.6623153053,[4.]
1813,1128102.6699885738,[7.]
1814,1128102.6776618422,[9.]
1815,1128102.6853351106,[19.]
1816,1128102.693008379,[29.]
1817,1128102.7006816475,[33.]
1818,1128102.708354916,[38.]
1819,1128102.7160281844,[38.]
1820,1128102.7237014528,[29.]
1821,1128102.7313747213,[21.]
1822,1128102.7390479897,[16.]
1823,1128102.7467212582,[12.]
1824,1128102.7543945266,[7.]
1825,1128102.762067795,[-9.]
1826,1128102.7697410635,[-31.]
1827,1128102.777414332,[-46.]
1828,1128102.7850876004,[-58.]
1829,1128102.7927608688,[-65.]
1830,1128102.8004341372,[-65.]
1831,1128102.8081074057,[-75.]
1832,1128102.815780674,[-82.]
1833,1128102.8234539425,[-79.]
1834,1128102.831127211,[-77.]
1835,1128102.8388004794,[-79.]
1836,1128102.8464737479,[-75.]
1837,1128102.8541470163,[-70.]
1838,1128102.8618202847,[-72.]
1839,1128102.8694935532,[-67.]
1840,1128102.8771668216,[-62.]
1841,1128102.88484009,[-62.]
1842,1128102.8925133585,[-60.]
1843,1128102.900186627,[-62.]
1844,1128102.9078598954,[-62.]
1845,1128102.9155331638,[-55.]
1846,1128102.9232064323,[-50.]
1847,1128102.9308797007,[-48.]
1848,1128102.9385529691,[-50.]
1849,1128102.9462262376,[-65.]
1850,1128102.953899506,[-75.]
1851,1128102.9615727745,[-70.]
1852,1128102.969246043,[-75.]
1853,1128102.9769193113,[-79.]
1854,1128102.9845925798,[-77.]
1855,1128102.9922658482,[-79.]
1856,1128102.9999391166,[-82.]
1857,1128103.007612385,[-79.]
1858,1128103.0152856535,[-77.]
1859,1128103.022958922,[-75.]
1860,1128103.0306321904,[-72.]
1861,1128103.0383054588,[-75.]
1862,1128103.0459787273,[-77.]
1863,1128103.0536519957,[-70.]
1864,1128103.0613252642,[-62.]
1865,1128103.0689985326,[-65.]
1866,1128103.076671801,[-67.]
1867,1128103.0843450695,[-62.]
1868,1128103.092018338,[-60.]
1869,1128103.0996916064,[-60.]
1870,1128103.1073648748,[-60.]
1871,1128103.1150381432,[-58.]
1872,1128103.1227114117,[-55.]
1873,1128103.1303846801,[-58.]
1874,1128103.1380579486,[-60.]
1875,1128103.145731217,[-65.]
1876,1128103.1534044854,[-67.]
1877,1128103.1610777539,[-62.]
1878,1128103.1687510223,[-41.]
1879,1128103.1764242908,[-33.]
1880,1128103.1840975592,[-43.]
1881,1128103.1917708276,[-50.]
1882,1128103.199444096,[-48.]
1883,1128103.2071173647,[-48.]
1884,1128103.2147906332,[-48.]
1885,1128103.2224639016,[-43.]
1886,1128103.23013717,[-38.]
1887,1128103.2378104385,[-36.]
1888,1128103.245483707,[-33.]
1889,1128103.2531569754,[-9.]
1890,1128103.2608302438,[75.]
1891,1128103.2685035123,[232.]
1892,1128103.2761767807,[326.]
1893,1128103.2838500491,[108.]
1894,1128103.2915233176,[-278.]
1895,1128103.299196586,[-317.]
1896,1128103.3068698545,[-82.]
1897,1128103.314543123,[-14.]
1898,1128103.3222163913,[-60.]
1899,1128103.3298896598,[-26.]
1900,1128103.3375629282,[-2.]
1901,1128103.3452361966,[-24.]
1902,1128103.352909465,[-19.]
1903,1128103.3605827335,[-4.]
1904,1128103.368256002,[-7.]
1905,1128103.3759292704,[-9.]
1906,1128103.3836025388,[-9.]
1907,1128103.3912758073,[-24.]
1908,1128103.3989490757,[-41.]
1909,1128103.4066223442,[-36.]
1910,1128103.4142956126,[-26.]
1911,1128103.421968881,[-26.]
1912,1128103.4296421495,[-19.]
1913,1128103.437315418,[-9.]
1914,1128103.4449886864,[-4.]
1915,1128103.4526619548,[0.]
1916,1128103.4603352232,[0.]
1917,1128103.4680084917,[4.]
1918,1128103.47568176,[19.]
1919,1128103.4833550286,[29.]
1920,1128103.491028297,[33.]
1921,1128103.4987015654,[41.]
1922,1128103.5063748339,[48.]
1923,1128103.5140481023,[55.]
1924,1128103.5217213708,[58.]
1925,1128103.5293946392,[53.]
1926,1128103.5370679076,[46.]
1927,1128103.544741176,[41.]
1928,1128103.5524144445,[31.]
1929,1128103.560087713,[19.]
1930,1128103.5677609814,[7.]
1931,1128103.5754342498,[-7.]
1932,1128103.5831075183,[-24.]
1933,1128103.5907807867,[-36.]
1934,1128103.5984540551,[-43.]
1935,1128103.6061273236,[-48.]
1936,1128103.613800592,[-50.]
1937,1128103.6214738605,[-53.]
1938,1128103.629147129,[-58.]
1939,1128103.6368203973,[-62.]
1940,1128103.6444936658,[-70.]
1941,1128103.6521669342,[-72.]
1942,1128103.6598402027,[-70.]
1943,1128103.667513471,[-67.]
1944,1128103.6751867395,[-62.]
1945,1128103.682860008,[-55.]
1946,1128103.6905332764,[-53.]
1947,1128103.6982065449,[-50.]
1948,1128103.7058798133,[-46.]
1949,1128103.7135530817,[-41.]
1950,1128103.7212263502,[-36.]
1951,1128103.7288996186,[-33.]
1952,1128103.736572887,[-33.]
1953,1128103.7442461555,[-33.]
1954,1128103.751919424,[-26.]
1955,1128103.7595926924,[-26.]
1956,1128103.7672659608,[-29.]
1957,1128103.7749392292,[-29.]
1958,1128103.7826124977,[-29.]
1959,1128103.7902857661,[-31.]
1960,1128103.7979590346,[-31.]
1961,1128103.805632303,[-31.]
1962,1128103.8133055714,[-31.]
1963,1128103.8209788399,[-33.]
1964,1128103.8286521083,[-38.]
1965,1128103.8363253768,[-38.]
1966,1128103.8439986452,[-36.]
1967,1128103.8516719136,[-36.]
1968,1128103.859345182,[-38.]
1969,1128103.8670184505,[-41.]
1970,1128103.874691719,[-41.]
1971,1128103.8823649874,[-43.]
1972,1128103.8900382558,[-46.]
1973,1128103.8977115243,[-46.]
1974,1128103.9053847927,[-41.]
1975,1128103.9130580612,[-41.]
1976,1128103.9207313296,[-41.]
1977,1128103.928404598,[-43.]
1978,1128103.9360778665,[-60.]
1979,1128103.943751135,[-72.]
1980,1128103.9514244033,[-65.]
1981,1128103.9590976718,[-58.]
1982,1128103.9667709402,[-60.]
1983,1128103.9744442087,[-60.]
1984,1128103.982117477,[-62.]
1985,1128103.9897907455,[-62.]
1986,1128103.997464014,[-55.]
1987,1128104.0051372824,[-48.]
1988,1128104.0128105509,[-38.]
1989,1128104.0204838193,[-24.]
1990,1128104.0281570877,[-24.]
1991,1128104.0358303564,[-36.]
1992,1128104.0435036249,[-41.]
1993,1128104.0511768933,[-38.]
1994,1128104.0588501617,[-38.]
1995,1128104.0665234302,[-36.]
1996,1128104.0741966986,[-33.]
1997,1128104.081869967,[-29.]
1998,1128104.0895432355,[-24.]
1999,1128104.097216504,[-16.]
2000,1128104.1048897724,[41.]
2001,1128104.1125630408,[179.]
2002,1128104.1202363092,[324.]
2003,1128104.1279095777,[232.]
2004,1128104.1355828461,[-162.]
2005,1128104.1432561146,[-370.]
2006,1128104.150929383,[-167.]
2007,1128104.1586026514,[-12.]
2008,1128104.1662759199,[-55.]
2009,1128104.1739491883,[-53.]
2010,1128104.1816224568,[-12.]
2011,1128104.1892957252,[-24.]
2012,1128104.1969689936,[-29.]
2013,1128104.204642262,[-12.]
2014,1128104.2123155305,[-12.]
2015,1128104.219988799,[-16.]
2016,1128104.2276620674,[-7.]
2017,1128104.2353353358,[0.]
2018,1128104.2430086043,[-4.]
2019,1128104.2506818727,[-4.]
2020,1128104.2583551412,[-2.]
2021,1128104.2660284096,[2.]
2022,1128104.273701678,[7.]
2023,1128104.2813749465,[9.]
2024,1128104.289048215,[9.]
2025,1128104.2967214833,[12.]
2026,1128104.3043947518,[19.]
2027,1128104.3120680202,[26.]
2028,1128104.3197412887,[31.]
2029,1128104.327414557,[36.]
2030,1128104.3350878255,[43.]
2031,1128104.342761094,[46.]
2032,1128104.3504343624,[50.]
2033,1128104.3581076309,[60.]
2034,1128104.3657808993,[60.]
2035,1128104.3734541677,[53.]
2036,1128104.3811274362,[48.]
2037,1128104.3888007046,[43.]
2038,1128104.396473973,[33.]
2039,1128104.4041472415,[24.]
2040,1128104.41182051,[16.]
2041,1128104.4194937784,[2.]
2042,1128104.4271670468,[-14.]
2043,1128104.4348403153,[-24.]
2044,1128104.4425135837,[-31.]
2045,1128104.4501868521,[-41.]
2046,1128104.4578601206,[-48.]
2047,1128104.465533389,[-53.]
2048,1128104.4732066575,[-70.]
2049,1128104.480879926,[-87.]
2050,1128104.4885531943,[-87.]
2051,1128104.4962264628,[-82.]
2052,1128104.5038997312,[-82.]
2053,1128104.5115729996,[-77.]
2054,1128104.519246268,[-72.]
2055,1128104.5269195365,[-75.]
2056,1128104.534592805,[-70.]
2057,1128104.5422660734,[-62.]
2058,1128104.5499393418,[-55.]
2059,1128104.5576126103,[-53.]
2060,1128104.5652858787,[-53.]
2061,1128104.5729591472,[-53.]
2062,1128104.5806324156,[-48.]
2063,1128104.588305684,[-43.]
2064,1128104.5959789525,[-41.]
2065,1128104.603652221,[-41.]
2066,1128104.6113254894,[-43.]
2067,1128104.6189987578,[-46.]
2068,1128104.6266720262,[-46.]
2069,1128104.6343452947,[-46.]
2070,1128104.642018563,[-43.]
2071,1128104.6496918316,[-46.]
2072,1128104.6573651,[-58.]
2073,1128104.6650383684,[-60.]
2074,1128104.6727116369,[-53.]
2075,1128104.6803849053,[-55.]
2076,1128104.6880581737,[-62.]
2077,1128104.6957314422,[-60.]
2078,1128104.7034047106,[-60.]
2079,1128104.711077979,[-60.]
2080,1128104.7187512475,[-58.]
2081,1128104.726424516,[-55.]
2082,1128104.7340977844,[-50.]
2083,1128104.7417710528,[-53.]
2084,1128104.7494443213,[-60.]
2085,1128104.7571175897,[-55.]
2086,1128104.7647908581,[-50.]
2087,1128104.7724641266,[-48.]
2088,1128104.780137395,[-46.]
2089,1128104.7878106635,[-48.]
2090,1128104.795483932,[-53.]
2091,1128104.8031572003,[-48.]
2092,1128104.8108304688,[-48.]
2093,1128104.8185037372,[-48.]
2094,1128104.8261770057,[-43.]
2095,1128104.833850274,[-41.]
2096,1128104.8415235425,[-43.]
2097,1128104.849196811,[-43.]
2098,1128104.8568700796,[-41.]
2099,1128104.864543348,[-46.]
2100,1128104.8722166165,[-48.]
2101,1128104.879889885,[-46.]
2102,1128104.8875631534,[-46.]
2103,1128104.8952364218,[-41.]
2104,1128104.9029096903,[-26.]
2105,1128104.9105829587,[-14.]
2106,1128104.9182562272,[-21.]
2107,1128104.9259294956,[-33.]
2108,1128104.933602764,[-36.]
2109,1128104.9412760325,[-36.]
2110,1128104.948949301,[-36.]
2111,1128104.9566225694,[-29.]
2112,1128104.9642958378,[-24.]
2113,1128104.9719691062,[-29.]
2114,1128104.9796423747,[-29.]
2115,1128104.987315643,[0.]
2116,1128104.9949889116,[92.]
2117,1128105.00266218,[254.]
2118,1128105.0103354484,[331.]
2119,1128105.0180087169,[75.]
2120,1128105.0256819853,[-314.]
2121,1128105.0333552537,[-305.]
2122,1128105.0410285222,[-48.]
2123,1128105.0487017906,[-9.]
2124,1128105.056375059,[-77.]
2125,1128105.0640483275,[-58.]
2126,1128105.071721596,[-36.]
2127,1128105.0793948644,[-48.]
2128,1128105.0870681328,[-41.]
2129,1128105.0947414013,[-31.]
2130,1128105.1024146697,[-36.]
2131,1128105.1100879381,[-36.]
2132,1128105.1177612066,[-31.]
2133,1128105.125434475,[-31.]
2134,1128105.1331077435,[-26.]
2135,1128105.140781012,[-19.]
2136,1128105.1484542803,[-19.]
2137,1128105.1561275488,[-21.]
2138,1128105.1638008172,[-26.]
2139,1128105.1714740857,[-21.]
2140,1128105.179147354,[-14.]
2141,1128105.1868206225,[-9.]
2142,1128105.194493891,[-4.]
2143,1128105.2021671594,[0.]
2144,1128105.2098404279,[4.]
2145,1128105.2175136963,[9.]
2146,1128105.2251869647,[16.]
2147,1128105.2328602332,[24.]
2148,1128105.2405335016,[29.]
2149,1128105.24820677,[33.]
2150,1128105.2558800385,[33.]
2151,1128105.263553307,[29.]
2152,1128105.2712265754,[26.]
2153,1128105.2788998438,[24.]
2154,1128105.2865731122,[16.]
2155,1128105.2942463807,[4.]
2156,1128105.3019196491,[-9.]
2157,1128105.3095929176,[-21.]
2158,1128105.317266186,[-29.]
2159,1128105.3249394544,[-38.]
2160,1128105.3326127229,[-50.]
2161,1128105.3402859913,[-60.]
2162,1128105.3479592598,[-65.]
2163,1128105.3556325282,[-70.]
2164,1128105.3633057966,[-72.]
2165,1128105.370979065,[-75.]
2166,1128105.3786523335,[-75.]
2167,1128105.386325602,[-72.]
2168,1128105.3939988704,[-70.]
2169,1128105.4016721388,[-67.]
2170,1128105.4093454073,[-62.]
2171,1128105.4170186757,[-55.]
2172,1128105.4246919442,[-55.]
2173,1128105.4323652126,[-55.]
2174,1128105.440038481,[-53.]
2175,1128105.4477117495,[-46.]
2176,1128105.455385018,[-38.]
2177,1128105.4630582863,[-36.]
2178,1128105.4707315548,[-41.]
2179,1128105.4784048232,[-38.]
2180,1128105.4860780917,[-36.]
2181,1128105.49375136,[-36.]
2182,1128105.5014246285,[-41.]
2183,1128105.509097897,[-43.]
2184,1128105.5167711654,[-43.]
2185,1128105.5244444339,[-48.]
2186,1128105.5321177023,[-55.]
2187,1128105.5397909707,[-53.]
2188,1128105.5474642392,[-53.]
2189,1128105.5551375076,[-55.]
2190,1128105.562810776,[-53.]
2191,1128105.5704840445,[-53.]
2192,1128105.578157313,[-58.]
2193,1128105.5858305814,[-53.]
2194,1128105.5935038498,[-53.]
2195,1128105.6011771183,[-58.]
2196,1128105.6088503867,[-60.]
2197,1128105.6165236551,[-58.]
2198,1128105.6241969236,[-55.]
2199,1128105.631870192,[-53.]
2200,1128105.6395434604,[-62.]
2201,1128105.647216729,[-82.]
2202,1128105.6548899973,[-87.]
2203,1128105.6625632658,[-84.]
2204,1128105.6702365342,[-89.]
2205,1128105.6779098026,[-89.]
2206,1128105.6855830713,[-87.]
2207,1128105.6932563398,[-84.]
2208,1128105.7009296082,[-79.]
2209,1128105.7086028766,[-75.]
2210,1128105.716276145,[-75.]
2211,1128105.7239494135,[-75.]
2212,1128105.731622682,[-70.]
2213,1128105.7392959504,[-65.]
2214,1128105.7469692188,[-62.]
2215,1128105.7546424873,[-62.]
2216,1128105.7623157557,[-65.]
2217,1128105.7699890241,[-67.]
2218,1128105.7776622926,[-67.]
2219,1128105.785335561,[-60.]
2220,1128105.7930088295,[-50.]
2221,1128105.800682098,[-38.]
2222,1128105.8083553663,[-29.]
2223,1128105.8160286348,[-36.]
2224,1128105.8237019032,[-48.]
2225,1128105.8313751717,[-50.]
2226,1128105.83904844,[-48.]
2227,1128105.8467217085,[-50.]
2228,1128105.854394977,[-50.]
2229,1128105.8620682454,[-43.]
2230,1128105.8697415139,[-38.]
2231,1128105.8774147823,[-38.]
2232,1128105.8850880507,[-16.]
2233,1128105.8927613192,[82.]
2234,1128105.9004345876,[256.]
2235,1128105.908107856,[326.]
2236,1128105.9157811245,[58.]
2237,1128105.923454393,[-324.]
2238,1128105.9311276614,[-317.]
2239,1128105.9388009298,[-70.]
2240,1128105.9464741983,[-24.]
2241,1128105.9541474667,[-72.]
2242,1128105.9618207351,[-41.]
2243,1128105.9694940036,[-19.]
2244,1128105.977167272,[-33.]
2245,1128105.9848405404,[-29.]
2246,1128105.992513809,[-21.]
2247,1128106.0001870773,[-26.]
2248,1128106.0078603458,[-21.]
2249,1128106.0155336142,[-14.]
2250,1128106.0232068826,[-14.]
2251,1128106.030880151,[-12.]
2252,1128106.0385534195,[-7.]
2253,1128106.046226688,[-9.]
2254,1128106.0538999564,[-9.]
2255,1128106.0615732248,[2.]
2256,1128106.0692464933,[4.]
2257,1128106.0769197617,[-2.]
2258,1128106.0845930302,[2.]
2259,1128106.0922662986,[12.]
2260,1128106.099939567,[14.]
2261,1128106.1076128355,[16.]
2262,1128106.115286104,[26.]
